GEN_v1_WU_036	GEN_v1_WG_034
GEN_v1_WG_034	GEN_v1_WG_017
GEN_v1_WG_017	GEN_v1_WU_029
GEN_v1_WU_029	GEN_v1_UG_011
GEN_v1_UG_011	GEN_v1_UG_031
GEN_v1_UG_031	GEN_v1_WG_019
GEN_v1_WG_019	GEN_v1_WU_024
GEN_v1_WU_024	GEN_v1_WU_021
GEN_v1_WU_021	GEN_v1_UG_036
GEN_v1_UG_036	GEN_v1_WU_025
GEN_v1_WU_025	GEN_v1_WU_026
GEN_v1_WU_026	GEN_v1_WG_013
GEN_v1_WG_013	GEN_v1_UG_037
GEN_v1_UG_037	GEN_v1_UG_014
GEN_v1_UG_014	GEN_v1_WG_012
GEN_v1_WG_012	GEN_v1_UG_024
GEN_v1_UG_024	GEN_v1_WG_026
GEN_v1_WG_026	GEN_v1_UG_039
GEN_v1_UG_039	GEN_v1_WG_036
GEN_v1_WG_036	GEN_v1_WU_031
GEN_v1_WU_031	GEN_v1_UG_012
GEN_v1_UG_012	GEN_v1_UG_013
GEN_v1_UG_013	GEN_v1_UG_028
GEN_v1_UG_028	GEN_v1_UG_021
GEN_v1_UG_021	GEN_v1_UG_019
GEN_v1_UG_019	GEN_v1_WU_027
GEN_v1_WU_027	GEN_v1_WU_030
GEN_v1_WU_030	GEN_v1_WU_033
GEN_v1_WU_033	GEN_v1_WU_016
GEN_v1_WU_016	GEN_v1_UG_029
GEN_v1_UG_029	GEN_v1_WG_031
GEN_v1_WG_031	GEN_v1_WG_024
GEN_v1_WG_024	GEN_v1_UG_015
GEN_v1_UG_015	GEN_v1_WU_020
GEN_v1_WU_020	GEN_v1_WG_029
GEN_v1_WG_029	GEN_v1_WU_015
GEN_v1_WU_015	GEN_v1_UG_033
GEN_v1_UG_033	GEN_v1_WG_016
GEN_v1_WG_016	GEN_v1_WU_034
GEN_v1_WU_034	GEN_v1_UG_026
GEN_v1_UG_026	GEN_v1_UG_034
GEN_v1_UG_034	GEN_v1_UG_017
GEN_v1_UG_017	GEN_v1_WG_023
GEN_v1_WG_023	GEN_v1_WG_028
GEN_v1_WG_028	GEN_v1_WG_010
GEN_v1_WG_010	GEN_v1_WG_033
GEN_v1_WG_033	GEN_v1_WU_012
GEN_v1_WU_012	GEN_v1_WU_013
GEN_v1_WU_013	GEN_v1_WG_039
GEN_v1_WG_039	GEN_v1_WU_038
GEN_v1_WU_038	GEN_v1_WG_022
GEN_v1_WG_022	GEN_v1_UG_035
GEN_v1_UG_035	GEN_v1_WG_038
GEN_v1_WG_038	GEN_v1_WU_018
GEN_v1_WU_018	GEN_v1_UG_027
GEN_v1_UG_027	GEN_v1_UG_022
GEN_v1_UG_022	GEN_v1_WG_030
GEN_v1_WG_030	GEN_v1_WG_018
GEN_v1_WG_018	GEN_v1_WU_019
GEN_v1_WU_019	GEN_v1_UG_025
GEN_v1_UG_025	GEN_v1_WU_010
GEN_v1_WU_010	GEN_v1_UG_030
GEN_v1_UG_030	GEN_v1_WG_015
GEN_v1_WG_015	GEN_v1_WG_027
GEN_v1_WG_027	GEN_v1_UG_032
GEN_v1_UG_032	GEN_v1_WG_020
GEN_v1_WG_020	GEN_v1_UG_038
GEN_v1_UG_038	GEN_v1_WG_032
GEN_v1_WG_032	GEN_v1_WU_037
GEN_v1_WU_037	GEN_v1_WG_021
GEN_v1_WG_021	GEN_v1_UG_020
GEN_v1_UG_020	GEN_v1_WG_014
GEN_v1_WG_014	GEN_v1_WG_011
GEN_v1_WG_011	GEN_v1_WU_022
GEN_v1_WU_022	GEN_v1_WG_025
GEN_v1_WG_025	GEN_v1_UG_016
GEN_v1_UG_016	GEN_v1_WG_037
GEN_v1_WG_037	GEN_v1_WU_039
GEN_v1_WU_039	GEN_v1_WU_014
GEN_v1_WU_014	GEN_v1_WU_023
GEN_v1_WU_023	GEN_v1_WU_028
GEN_v1_WU_028	GEN_v1_WU_011
GEN_v1_WU_011	GEN_v1_UG_018
GEN_v1_UG_018	GEN_v1_WU_032
GEN_v1_WU_032	GEN_v1_UG_023
GEN_v1_UG_023	GEN_v1_WU_035
GEN_v1_WU_035	GEN_v1_WU_017
GEN_v1_WU_017	GEN_v1_WG_035
GEN_v1_WG_035	GEN_v1_UG_010
GEN_v1_UG_010	GEN_v1_WU_036
GEN_v1_UG_015	GEN_v1_UG_020
GEN_v1_UG_020	GEN_v1_WG_015
GEN_v1_WG_015	GEN_v1_WU_031
GEN_v1_WU_031	GEN_v1_WG_031
GEN_v1_WG_031	GEN_v1_WG_016
GEN_v1_WG_016	GEN_v1_UG_021
GEN_v1_UG_021	GEN_v1_WU_015
GEN_v1_WU_015	GEN_v1_WG_020
GEN_v1_WG_020	GEN_v1_WG_030
GEN_v1_WG_030	GEN_v1_UG_017
GEN_v1_UG_017	GEN_v1_UG_012
GEN_v1_UG_012	GEN_v1_WG_023
GEN_v1_WG_023	GEN_v1_UG_014
GEN_v1_UG_014	GEN_v1_WG_013
GEN_v1_WG_013	GEN_v1_WU_014
GEN_v1_WU_014	GEN_v1_WG_022
GEN_v1_WG_022	GEN_v1_UG_026
GEN_v1_UG_026	GEN_v1_UG_025
GEN_v1_UG_025	GEN_v1_UG_034
GEN_v1_UG_034	GEN_v1_WG_024
GEN_v1_WG_024	GEN_v1_WU_035
GEN_v1_WU_035	GEN_v1_WU_033
GEN_v1_WU_033	GEN_v1_WU_023
GEN_v1_WU_023	GEN_v1_WG_036
GEN_v1_WG_036	GEN_v1_WG_025
GEN_v1_WG_025	GEN_v1_WU_030
GEN_v1_WU_030	GEN_v1_UG_019
GEN_v1_UG_019	GEN_v1_UG_016
GEN_v1_UG_016	GEN_v1_UG_038
GEN_v1_UG_038	GEN_v1_UG_039
GEN_v1_UG_039	GEN_v1_UG_027
GEN_v1_UG_027	GEN_v1_UG_032
GEN_v1_UG_032	GEN_v1_WG_021
GEN_v1_WG_021	GEN_v1_UG_010
GEN_v1_UG_010	GEN_v1_WG_028
GEN_v1_WG_028	GEN_v1_WU_018
GEN_v1_WU_018	GEN_v1_WG_038
GEN_v1_WG_038	GEN_v1_WG_033
GEN_v1_WG_033	GEN_v1_UG_028
GEN_v1_UG_028	GEN_v1_UG_023
GEN_v1_UG_023	GEN_v1_UG_037
GEN_v1_UG_037	GEN_v1_WU_032
GEN_v1_WU_032	GEN_v1_WG_035
GEN_v1_WG_035	GEN_v1_WG_037
GEN_v1_WG_037	GEN_v1_WU_036
GEN_v1_WU_036	GEN_v1_WG_014
GEN_v1_WG_014	GEN_v1_UG_030
GEN_v1_UG_030	GEN_v1_WU_027
GEN_v1_WU_027	GEN_v1_WU_034
GEN_v1_WU_034	GEN_v1_WU_029
GEN_v1_WU_029	GEN_v1_WG_032
GEN_v1_WG_032	GEN_v1_WU_039
GEN_v1_WU_039	GEN_v1_WU_013
GEN_v1_WU_013	GEN_v1_WU_012
GEN_v1_WU_012	GEN_v1_WG_012
GEN_v1_WG_012	GEN_v1_UG_029
GEN_v1_UG_029	GEN_v1_WG_018
GEN_v1_WG_018	GEN_v1_WG_017
GEN_v1_WG_017	GEN_v1_WU_011
GEN_v1_WU_011	GEN_v1_WU_025
GEN_v1_WU_025	GEN_v1_UG_036
GEN_v1_UG_036	GEN_v1_UG_018
GEN_v1_UG_018	GEN_v1_WU_017
GEN_v1_WU_017	GEN_v1_WU_019
GEN_v1_WU_019	GEN_v1_WG_034
GEN_v1_WG_034	GEN_v1_UG_022
GEN_v1_UG_022	GEN_v1_WG_027
GEN_v1_WG_027	GEN_v1_UG_031
GEN_v1_UG_031	GEN_v1_WG_026
GEN_v1_WG_026	GEN_v1_WU_026
GEN_v1_WU_026	GEN_v1_WU_020
GEN_v1_WU_020	GEN_v1_WU_021
GEN_v1_WU_021	GEN_v1_WU_037
GEN_v1_WU_037	GEN_v1_WG_019
GEN_v1_WG_019	GEN_v1_UG_024
GEN_v1_UG_024	GEN_v1_WU_028
GEN_v1_WU_028	GEN_v1_WU_010
GEN_v1_WU_010	GEN_v1_WG_029
GEN_v1_WG_029	GEN_v1_WG_010
GEN_v1_WG_010	GEN_v1_WG_011
GEN_v1_WG_011	GEN_v1_UG_013
GEN_v1_UG_013	GEN_v1_WU_022
GEN_v1_WU_022	GEN_v1_UG_035
GEN_v1_UG_035	GEN_v1_WU_024
GEN_v1_WU_024	GEN_v1_WU_016
GEN_v1_WU_016	GEN_v1_WG_039
GEN_v1_WG_039	GEN_v1_UG_011
GEN_v1_UG_011	GEN_v1_UG_033
GEN_v1_UG_033	GEN_v1_WU_038
GEN_v1_WU_038	GEN_v1_UG_015
GEN_v1_UG_020	GEN_v1_UG_015
GEN_v1_UG_015	GEN_v1_WG_039
GEN_v1_WG_039	GEN_v1_UG_028
GEN_v1_UG_028	GEN_v1_UG_026
GEN_v1_UG_026	GEN_v1_UG_016
GEN_v1_UG_016	GEN_v1_WU_026
GEN_v1_WU_026	GEN_v1_UG_014
GEN_v1_UG_014	GEN_v1_UG_039
GEN_v1_UG_039	GEN_v1_UG_017
GEN_v1_UG_017	GEN_v1_UG_033
GEN_v1_UG_033	GEN_v1_WG_034
GEN_v1_WG_034	GEN_v1_WU_037
GEN_v1_WU_037	GEN_v1_WG_016
GEN_v1_WG_016	GEN_v1_UG_023
GEN_v1_UG_023	GEN_v1_WG_019
GEN_v1_WG_019	GEN_v1_WG_026
GEN_v1_WG_026	GEN_v1_WG_021
GEN_v1_WG_021	GEN_v1_WG_025
GEN_v1_WG_025	GEN_v1_WU_032
GEN_v1_WU_032	GEN_v1_WG_011
GEN_v1_WG_011	GEN_v1_WU_028
GEN_v1_WU_028	GEN_v1_WG_035
GEN_v1_WG_035	GEN_v1_UG_032
GEN_v1_UG_032	GEN_v1_WG_028
GEN_v1_WG_028	GEN_v1_WU_027
GEN_v1_WU_027	GEN_v1_WU_010
GEN_v1_WU_010	GEN_v1_WG_030
GEN_v1_WG_030	GEN_v1_UG_031
GEN_v1_UG_031	GEN_v1_WG_015
GEN_v1_WG_015	GEN_v1_UG_010
GEN_v1_UG_010	GEN_v1_UG_034
GEN_v1_UG_034	GEN_v1_WU_011
GEN_v1_WU_011	GEN_v1_UG_029
GEN_v1_UG_029	GEN_v1_WG_013
GEN_v1_WG_013	GEN_v1_WU_016
GEN_v1_WU_016	GEN_v1_WU_024
GEN_v1_WU_024	GEN_v1_WG_012
GEN_v1_WG_012	GEN_v1_WU_036
GEN_v1_WU_036	GEN_v1_WG_027
GEN_v1_WG_027	GEN_v1_WU_035
GEN_v1_WU_035	GEN_v1_WU_019
GEN_v1_WU_019	GEN_v1_WU_017
GEN_v1_WU_017	GEN_v1_UG_036
GEN_v1_UG_036	GEN_v1_WG_029
GEN_v1_WG_029	GEN_v1_WG_024
GEN_v1_WG_024	GEN_v1_WG_010
GEN_v1_WG_010	GEN_v1_WU_030
GEN_v1_WU_030	GEN_v1_WG_038
GEN_v1_WG_038	GEN_v1_WG_017
GEN_v1_WG_017	GEN_v1_UG_024
GEN_v1_UG_024	GEN_v1_WU_025
GEN_v1_WU_025	GEN_v1_UG_011
GEN_v1_UG_011	GEN_v1_WU_015
GEN_v1_WU_015	GEN_v1_WU_012
GEN_v1_WU_012	GEN_v1_WG_032
GEN_v1_WG_032	GEN_v1_WU_039
GEN_v1_WU_039	GEN_v1_WG_022
GEN_v1_WG_022	GEN_v1_WG_014
GEN_v1_WG_014	GEN_v1_WU_014
GEN_v1_WU_014	GEN_v1_UG_018
GEN_v1_UG_018	GEN_v1_UG_019
GEN_v1_UG_019	GEN_v1_UG_013
GEN_v1_UG_013	GEN_v1_WU_022
GEN_v1_WU_022	GEN_v1_UG_021
GEN_v1_UG_021	GEN_v1_UG_027
GEN_v1_UG_027	GEN_v1_UG_030
GEN_v1_UG_030	GEN_v1_WU_038
GEN_v1_WU_038	GEN_v1_UG_012
GEN_v1_UG_012	GEN_v1_WU_020
GEN_v1_WU_020	GEN_v1_WG_018
GEN_v1_WG_018	GEN_v1_WG_037
GEN_v1_WG_037	GEN_v1_WU_033
GEN_v1_WU_033	GEN_v1_UG_038
GEN_v1_UG_038	GEN_v1_WU_034
GEN_v1_WU_034	GEN_v1_WU_013
GEN_v1_WU_013	GEN_v1_WU_029
GEN_v1_WU_029	GEN_v1_WU_031
GEN_v1_WU_031	GEN_v1_WG_023
GEN_v1_WG_023	GEN_v1_WG_033
GEN_v1_WG_033	GEN_v1_WG_031
GEN_v1_WG_031	GEN_v1_UG_025
GEN_v1_UG_025	GEN_v1_WU_023
GEN_v1_WU_023	GEN_v1_UG_035
GEN_v1_UG_035	GEN_v1_WG_020
GEN_v1_WG_020	GEN_v1_UG_037
GEN_v1_UG_037	GEN_v1_WU_018
GEN_v1_WU_018	GEN_v1_WU_021
GEN_v1_WU_021	GEN_v1_UG_022
GEN_v1_UG_022	GEN_v1_WG_036
GEN_v1_WG_036	GEN_v1_UG_020
GEN_v1_WG_022	GEN_v1_WU_027
GEN_v1_WU_027	GEN_v1_WU_016
GEN_v1_WU_016	GEN_v1_UG_027
GEN_v1_UG_027	GEN_v1_WU_011
GEN_v1_WU_011	GEN_v1_UG_037
GEN_v1_UG_037	GEN_v1_WG_015
GEN_v1_WG_015	GEN_v1_WU_030
GEN_v1_WU_030	GEN_v1_WU_024
GEN_v1_WU_024	GEN_v1_UG_013
GEN_v1_UG_013	GEN_v1_UG_012
GEN_v1_UG_012	GEN_v1_UG_030
GEN_v1_UG_030	GEN_v1_WU_019
GEN_v1_WU_019	GEN_v1_WG_011
GEN_v1_WG_011	GEN_v1_UG_035
GEN_v1_UG_035	GEN_v1_UG_021
GEN_v1_UG_021	GEN_v1_WG_033
GEN_v1_WG_033	GEN_v1_UG_039
GEN_v1_UG_039	GEN_v1_WG_027
GEN_v1_WG_027	GEN_v1_UG_019
GEN_v1_UG_019	GEN_v1_WG_024
GEN_v1_WG_024	GEN_v1_UG_038
GEN_v1_UG_038	GEN_v1_WG_019
GEN_v1_WG_019	GEN_v1_WG_035
GEN_v1_WG_035	GEN_v1_WG_020
GEN_v1_WG_020	GEN_v1_WU_028
GEN_v1_WU_028	GEN_v1_UG_029
GEN_v1_UG_029	GEN_v1_WG_025
GEN_v1_WG_025	GEN_v1_UG_011
GEN_v1_UG_011	GEN_v1_UG_016
GEN_v1_UG_016	GEN_v1_UG_028
GEN_v1_UG_028	GEN_v1_UG_017
GEN_v1_UG_017	GEN_v1_WG_023
GEN_v1_WG_023	GEN_v1_WG_014
GEN_v1_WG_014	GEN_v1_WG_037
GEN_v1_WG_037	GEN_v1_WU_010
GEN_v1_WU_010	GEN_v1_WU_025
GEN_v1_WU_025	GEN_v1_WU_029
GEN_v1_WU_029	GEN_v1_WU_031
GEN_v1_WU_031	GEN_v1_WU_026
GEN_v1_WU_026	GEN_v1_WU_013
GEN_v1_WU_013	GEN_v1_WU_035
GEN_v1_WU_035	GEN_v1_WU_037
GEN_v1_WU_037	GEN_v1_UG_031
GEN_v1_UG_031	GEN_v1_UG_025
GEN_v1_UG_025	GEN_v1_WU_020
GEN_v1_WU_020	GEN_v1_WG_030
GEN_v1_WG_030	GEN_v1_UG_020
GEN_v1_UG_020	GEN_v1_WU_012
GEN_v1_WU_012	GEN_v1_UG_034
GEN_v1_UG_034	GEN_v1_WU_023
GEN_v1_WU_023	GEN_v1_UG_023
GEN_v1_UG_023	GEN_v1_WU_022
GEN_v1_WU_022	GEN_v1_UG_015
GEN_v1_UG_015	GEN_v1_WU_036
GEN_v1_WU_036	GEN_v1_UG_018
GEN_v1_UG_018	GEN_v1_WG_032
GEN_v1_WG_032	GEN_v1_WU_038
GEN_v1_WU_038	GEN_v1_UG_036
GEN_v1_UG_036	GEN_v1_WG_026
GEN_v1_WG_026	GEN_v1_WG_016
GEN_v1_WG_016	GEN_v1_WG_018
GEN_v1_WG_018	GEN_v1_WU_014
GEN_v1_WU_014	GEN_v1_UG_022
GEN_v1_UG_022	GEN_v1_UG_026
GEN_v1_UG_026	GEN_v1_WG_039
GEN_v1_WG_039	GEN_v1_UG_014
GEN_v1_UG_014	GEN_v1_WG_028
GEN_v1_WG_028	GEN_v1_WG_013
GEN_v1_WG_013	GEN_v1_WG_021
GEN_v1_WG_021	GEN_v1_WG_029
GEN_v1_WG_029	GEN_v1_WU_039
GEN_v1_WU_039	GEN_v1_WU_018
GEN_v1_WU_018	GEN_v1_WU_015
GEN_v1_WU_015	GEN_v1_WG_038
GEN_v1_WG_038	GEN_v1_WG_010
GEN_v1_WG_010	GEN_v1_WU_033
GEN_v1_WU_033	GEN_v1_WG_031
GEN_v1_WG_031	GEN_v1_UG_033
GEN_v1_UG_033	GEN_v1_WU_021
GEN_v1_WU_021	GEN_v1_UG_032
GEN_v1_UG_032	GEN_v1_WU_032
GEN_v1_WU_032	GEN_v1_WU_017
GEN_v1_WU_017	GEN_v1_WU_034
GEN_v1_WU_034	GEN_v1_UG_010
GEN_v1_UG_010	GEN_v1_UG_024
GEN_v1_UG_024	GEN_v1_WG_012
GEN_v1_WG_012	GEN_v1_WG_034
GEN_v1_WG_034	GEN_v1_WG_036
GEN_v1_WG_036	GEN_v1_WG_017
GEN_v1_WG_017	GEN_v1_WG_022
GEN_v1_WG_004	GEN_v1_WG_005
GEN_v1_WG_005	GEN_v1_WG_002
GEN_v1_WG_002	GEN_v1_UG_009
GEN_v1_UG_009	GEN_v1_WU_001
GEN_v1_WU_001	GEN_v1_WU_005
GEN_v1_WU_005	GEN_v1_WU_009
GEN_v1_WU_009	GEN_v1_WG_006
GEN_v1_WG_006	GEN_v1_WU_006
GEN_v1_WU_006	GEN_v1_UG_007
GEN_v1_UG_007	GEN_v1_WG_001
GEN_v1_WG_001	GEN_v1_UG_000
GEN_v1_UG_000	GEN_v1_UG_003
GEN_v1_UG_003	GEN_v1_UG_006
GEN_v1_UG_006	GEN_v1_WU_000
GEN_v1_WU_000	GEN_v1_WG_003
GEN_v1_WG_003	GEN_v1_UG_001
GEN_v1_UG_001	GEN_v1_UG_008
GEN_v1_UG_008	GEN_v1_WU_002
GEN_v1_WU_002	GEN_v1_WG_008
GEN_v1_WG_008	GEN_v1_WG_009
GEN_v1_WG_009	GEN_v1_WG_000
GEN_v1_WG_000	GEN_v1_UG_005
GEN_v1_UG_005	GEN_v1_WU_004
GEN_v1_WU_004	GEN_v1_WG_007
GEN_v1_WG_007	GEN_v1_UG_004
GEN_v1_UG_004	GEN_v1_WU_003
GEN_v1_WU_003	GEN_v1_WU_008
GEN_v1_WU_008	GEN_v1_WU_007
GEN_v1_WU_007	GEN_v1_UG_002
GEN_v1_UG_002	GEN_v1_WG_004
GEN_v1_WG_003	GEN_v1_UG_007
GEN_v1_UG_007	GEN_v1_WU_008
GEN_v1_WU_008	GEN_v1_UG_000
GEN_v1_UG_000	GEN_v1_WU_000
GEN_v1_WU_000	GEN_v1_UG_002
GEN_v1_UG_002	GEN_v1_WG_008
GEN_v1_WG_008	GEN_v1_UG_005
GEN_v1_UG_005	GEN_v1_WU_001
GEN_v1_WU_001	GEN_v1_UG_009
GEN_v1_UG_009	GEN_v1_WU_009
GEN_v1_WU_009	GEN_v1_WG_000
GEN_v1_WG_000	GEN_v1_WU_004
GEN_v1_WU_004	GEN_v1_WG_007
GEN_v1_WG_007	GEN_v1_WU_006
GEN_v1_WU_006	GEN_v1_WG_009
GEN_v1_WG_009	GEN_v1_UG_004
GEN_v1_UG_004	GEN_v1_WU_003
GEN_v1_WU_003	GEN_v1_WG_006
GEN_v1_WG_006	GEN_v1_UG_008
GEN_v1_UG_008	GEN_v1_WG_001
GEN_v1_WG_001	GEN_v1_WG_005
GEN_v1_WG_005	GEN_v1_WU_002
GEN_v1_WU_002	GEN_v1_WU_007
GEN_v1_WU_007	GEN_v1_WG_002
GEN_v1_WG_002	GEN_v1_WU_005
GEN_v1_WU_005	GEN_v1_WG_004
GEN_v1_WG_004	GEN_v1_UG_006
GEN_v1_UG_006	GEN_v1_UG_001
GEN_v1_UG_001	GEN_v1_UG_003
GEN_v1_UG_003	GEN_v1_WG_003
