Name,Color,Rarity,# GP,GP WR,# GIH,GIH WR,# GNS,GNS WR,IWD,17lands # GP,17lands GP WR,17lands OH WR,17lands GD WR,17lands # GIH,17lands GIH WR,17lands GNS WR,17lands IWD,Transformer # GIH,Transformer GIH WR,GIH WR rank,17lands GIH WR rank
Sire of Seven Deaths,,mythic,347,0.5735,176,0.7273,171,0.4152,0.3121,22893,0.5654,0.5840,0.6443,9975,0.6203,0.5230,0.0973,173,0.6416,1,7
Juggernaut,,uncommon,263,0.6046,116,0.6897,147,0.5374,0.1522,14138,0.5111,0.4683,0.5001,5966,0.4863,0.5292,-0.0430,122,0.6393,2,252
Youthful Valkyrie,W,uncommon,1301,0.6065,653,0.6447,648,0.5679,0.0768,64237,0.5559,0.5698,0.5462,30274,0.5569,0.5550,0.0019,684,0.6550,3,101
Bloodthirsty Conqueror,B,mythic,553,0.5570,302,0.6391,251,0.4582,0.1809,20967,0.5590,0.6034,0.6426,9182,0.6272,0.5058,0.1214,296,0.6047,4,3
Vanguard Seraph,W,common,2066,0.5731,1059,0.6374,1007,0.5055,0.1319,107578,0.5465,0.5305,0.5557,50345,0.5449,0.5478,-0.0029,1096,0.6040,5,142
"Elenda, Saint of Dusk",BW,rare,665,0.5684,313,0.6358,352,0.5085,0.1273,39057,0.5608,0.6155,0.6153,17216,0.6154,0.5177,0.0977,327,0.5810,6,13
Painful Quandary,B,rare,107,0.5421,62,0.6290,45,0.4222,0.2068,5616,0.4736,0.4203,0.4663,2422,0.4480,0.4931,-0.0451,64,0.7031,7,264
Angel of Finality,W,uncommon,1470,0.5878,736,0.6236,734,0.5518,0.0719,67814,0.5555,0.5549,0.5752,29924,0.5668,0.5466,0.0201,720,0.6111,8,77
Serra Angel,W,uncommon,1291,0.5724,674,0.6187,617,0.5219,0.0968,63094,0.5468,0.5308,0.5596,27660,0.5477,0.5461,0.0015,649,0.5932,9,135
Valkyrie's Call,W,mythic,372,0.5538,173,0.6185,199,0.4975,0.1210,17851,0.5527,0.5660,0.5877,7440,0.5790,0.5339,0.0452,183,0.5574,10,46
"Giada, Font of Hope",W,rare,857,0.5753,427,0.6183,430,0.5326,0.0857,40722,0.5704,0.6344,0.5809,17909,0.6043,0.5439,0.0604,430,0.6395,11,19
Empyrean Eagle,UW,uncommon,1386,0.5909,800,0.6150,586,0.5580,0.0570,57374,0.5652,0.5840,0.5963,30136,0.5910,0.5366,0.0545,778,0.6067,12,26
Dazzling Angel,W,common,3900,0.5623,2117,0.6098,1783,0.5059,0.1039,175691,0.5601,0.5826,0.5736,90067,0.5778,0.5416,0.0362,2153,0.6057,13,49
Exemplar of Light,W,rare,962,0.5520,440,0.6045,522,0.5077,0.0969,38484,0.5596,0.5770,0.5990,16561,0.5899,0.5366,0.0533,452,0.5796,14,29
"Kykar, Zephyr Awakener",UW,rare,879,0.5666,433,0.5935,446,0.5404,0.0532,33950,0.5463,0.5694,0.5775,15826,0.5744,0.5218,0.0525,422,0.5569,15,62
Celestial Armor,W,rare,1046,0.5641,501,0.5928,545,0.5376,0.0552,45787,0.5759,0.6074,0.6287,19675,0.6200,0.5427,0.0772,506,0.5909,16,8
Scoured Barrens,BW,common,1652,0.5472,832,0.5901,820,0.5037,0.0865,82855,0.5481,0.5647,0.5357,38114,0.5486,0.5477,0.0009,849,0.5607,17,131
Healer's Hawk,W,common,3713,0.5626,1979,0.5887,1734,0.5329,0.0558,171738,0.5597,0.6025,0.5505,87748,0.5751,0.5436,0.0315,2029,0.5840,18,58
Banishing Light,W,common,3994,0.5608,2197,0.5885,1797,0.5270,0.0615,179166,0.5599,0.5566,0.5888,88026,0.5745,0.5458,0.0287,2252,0.5919,19,61
Quakestrider Ceratops,G,uncommon,418,0.5455,216,0.5880,202,0.5000,0.0880,21245,0.5260,0.4986,0.5453,8521,0.5252,0.5266,-0.0014,214,0.6028,20,195
Leyline Axe,,rare,1043,0.5388,518,0.5849,525,0.4933,0.0916,42750,0.5706,0.6638,0.5720,18540,0.6118,0.5391,0.0727,520,0.5962,21,15
Twinflame Tyrant,R,mythic,400,0.5300,178,0.5843,222,0.4865,0.0978,18154,0.5637,0.5710,0.6302,7386,0.6048,0.5355,0.0693,179,0.4916,22,17
Gleaming Barrier,,common,506,0.5099,260,0.5808,246,0.4350,0.1458,25799,0.4908,0.4499,0.5001,12195,0.4777,0.5026,-0.0248,261,0.5134,23,258
Felidar Savior,W,common,3891,0.5484,2089,0.5778,1802,0.5144,0.0634,175201,0.5598,0.5627,0.5824,86439,0.5736,0.5462,0.0274,2121,0.5733,24,63
Rune-Scarred Demon,B,rare,826,0.5133,393,0.5776,433,0.4550,0.1226,37454,0.5431,0.5275,0.6056,16426,0.5753,0.5180,0.0573,378,0.5476,25,57
Tranquil Cove,UW,common,1815,0.5730,878,0.5774,937,0.5688,0.0086,76537,0.5519,0.5692,0.5461,35943,0.5563,0.5480,0.0083,892,0.5886,26,104
Fiendish Panda,BW,uncommon,1248,0.5505,665,0.5774,583,0.5197,0.0577,57915,0.5441,0.5314,0.5701,27920,0.5534,0.5355,0.0179,665,0.5744,27,117
Scrawling Crawler,,rare,1042,0.5355,558,0.5753,484,0.4897,0.0856,42828,0.5532,0.5706,0.5792,18747,0.5755,0.5358,0.0397,542,0.6144,28,56
"Arahbo, the First Fang",W,rare,776,0.5464,389,0.5733,387,0.5194,0.0539,41408,0.5722,0.6237,0.5980,17856,0.6092,0.5442,0.0650,383,0.5979,29,16
Divine Resilience,W,uncommon,324,0.5525,151,0.5695,173,0.5376,0.0320,21277,0.5213,0.5013,0.5126,8636,0.5079,0.5305,-0.0226,146,0.5205,30,233
Ajani's Pridemate,W,uncommon,1537,0.5472,740,0.5689,797,0.5270,0.0419,72328,0.5547,0.5726,0.5455,33187,0.5576,0.5523,0.0053,775,0.5419,31,98
Herald of Eternal Dawn,W,mythic,372,0.5591,162,0.5679,210,0.5524,0.0155,15937,0.5559,0.5480,0.5967,6790,0.5773,0.5400,0.0374,168,0.5357,32,50
Joust Through,W,uncommon,1642,0.5390,834,0.5671,808,0.5099,0.0572,71100,0.5561,0.5574,0.5685,31321,0.5637,0.5501,0.0136,850,0.5447,33,88
Infernal Vessel,B,uncommon,2307,0.5041,1183,0.5655,1124,0.4395,0.1260,92724,0.5573,0.5768,0.5865,43948,0.5823,0.5347,0.0476,1193,0.5398,34,40
Arbiter of Woe,B,uncommon,2251,0.5038,1195,0.5607,1056,0.4394,0.1213,91156,0.5574,0.5540,0.6065,41599,0.5854,0.5338,0.0516,1210,0.5752,35,35
Luminous Rebuke,W,common,3823,0.5540,2032,0.5595,1791,0.5477,0.0118,170134,0.5603,0.5569,0.5933,83740,0.5771,0.5440,0.0331,2058,0.5559,36,52
Grappling Kraken,U,uncommon,783,0.5096,369,0.5583,414,0.4662,0.0921,30321,0.5153,0.4992,0.5514,13847,0.5320,0.5013,0.0308,369,0.5474,37,181
Bigfin Bouncer,U,common,4545,0.5164,2739,0.5571,1806,0.4546,0.1025,178155,0.5508,0.5487,0.5872,96673,0.5709,0.5270,0.0439,2725,0.5512,38,66
"Ghalta, Primal Hunger",G,rare,540,0.4944,241,0.5560,299,0.4448,0.1112,26932,0.5369,0.5079,0.5837,10904,0.5523,0.5264,0.0259,237,0.5401,39,123
Prideful Parent,W,common,2897,0.5399,1453,0.5547,1444,0.5249,0.0298,150620,0.5513,0.5450,0.5508,75132,0.5481,0.5544,-0.0063,1516,0.5455,40,133
Heraldic Banner,,uncommon,1175,0.5362,541,0.5545,634,0.5205,0.0340,44047,0.5471,0.5499,0.5464,18585,0.5479,0.5465,0.0015,519,0.5299,41,134
Inspiring Paladin,W,common,2317,0.5438,1211,0.5541,1106,0.5325,0.0215,107933,0.5426,0.5430,0.5350,50211,0.5387,0.5460,-0.0073,1198,0.5384,42,160
Flamewake Phoenix,R,rare,616,0.5146,306,0.5523,310,0.4774,0.0749,25566,0.5318,0.5119,0.5261,10432,0.5197,0.5401,-0.0205,294,0.5136,43,207
Felling Blow,G,uncommon,1545,0.5159,748,0.5521,797,0.4818,0.0703,69222,0.5555,0.5796,0.5930,30186,0.5871,0.5310,0.0560,763,0.5701,44,31
Helpful Hunter,W,common,4111,0.5417,2188,0.5516,1923,0.5304,0.0212,188678,0.5614,0.5787,0.5705,96500,0.5745,0.5476,0.0269,2204,0.5440,45,60
Guarded Heir,W,uncommon,1760,0.5381,865,0.5514,895,0.5251,0.0263,77311,0.5555,0.5388,0.5879,33729,0.5676,0.5462,0.0214,866,0.5150,46,73
Icewind Elemental,U,common,2177,0.5374,1176,0.5510,1001,0.5215,0.0295,100333,0.5331,0.5105,0.5563,48529,0.5381,0.5284,0.0097,1180,0.5576,47,163
"Alesha, Who Laughs at Fate",BR,rare,878,0.4943,425,0.5506,453,0.4415,0.1091,38232,0.5589,0.6238,0.6142,16532,0.6183,0.5136,0.1047,441,0.5102,48,10
Dreadwing Scavenger,BU,uncommon,2141,0.5021,1213,0.5499,928,0.4397,0.1102,75907,0.5573,0.6000,0.6075,40751,0.6043,0.5028,0.1015,1231,0.5621,49,18
Day of Judgment,W,rare,634,0.5410,291,0.5498,343,0.5335,0.0163,33493,0.5612,0.5752,0.6022,14772,0.5911,0.5375,0.0536,296,0.5338,50,24
Savannah Lions,W,uncommon,780,0.5346,384,0.5495,396,0.5202,0.0293,37734,0.5422,0.5499,0.5178,16875,0.5328,0.5498,-0.0170,377,0.5862,51,178
Vampire Nighthawk,B,uncommon,2316,0.5004,1184,0.5473,1132,0.4514,0.0959,89267,0.5527,0.5679,0.5929,41833,0.5823,0.5266,0.0556,1173,0.5439,52,41
Goldvein Pick,,common,3185,0.5234,1603,0.5471,1582,0.4994,0.0477,134916,0.5390,0.5409,0.5317,58002,0.5357,0.5416,-0.0059,1599,0.5360,53,173
Blossoming Sands,GW,common,960,0.5240,456,0.5461,504,0.5040,0.0421,50605,0.5379,0.5574,0.5205,22187,0.5374,0.5383,-0.0009,468,0.5449,54,166
Mischievous Mystic,U,uncommon,2467,0.5253,1342,0.5455,1125,0.5013,0.0441,98165,0.5606,0.6104,0.5853,49923,0.5957,0.5241,0.0716,1348,0.5571,55,22
High-Society Hunter,B,rare,1035,0.4908,533,0.5441,502,0.4343,0.1098,44874,0.5533,0.5609,0.6027,20029,0.5862,0.5267,0.0595,519,0.5414,56,33
Skyknight Squire,W,rare,799,0.5232,383,0.5431,416,0.5048,0.0383,39654,0.5604,0.6295,0.5566,17195,0.5885,0.5388,0.0497,378,0.5608,57,30
Cackling Prowler,G,common,1598,0.5056,811,0.5413,787,0.4689,0.0724,79783,0.5368,0.5400,0.5420,36026,0.5411,0.5333,0.0078,817,0.5202,58,152
Essence Scatter,U,uncommon,2316,0.5142,1267,0.5406,1049,0.4824,0.0583,91297,0.5526,0.5689,0.5890,45291,0.5806,0.5251,0.0555,1296,0.5370,59,44
"Koma, World-Eater",GU,rare,425,0.5106,198,0.5404,227,0.4846,0.0558,25534,0.5184,0.5315,0.5935,11705,0.5693,0.4753,0.0940,219,0.5708,60,70
Dismal Backwater,BU,common,2424,0.4889,1252,0.5399,1172,0.4343,0.1056,89326,0.5434,0.5671,0.5594,43365,0.5627,0.5251,0.0375,1215,0.5243,61,91
Faebloom Trick,U,uncommon,2591,0.5276,1484,0.5391,1107,0.5122,0.0269,97408,0.5607,0.5735,0.6029,48583,0.5908,0.5307,0.0601,1520,0.5467,62,27
Slumbering Cerberus,R,uncommon,1400,0.5136,684,0.5380,716,0.4902,0.0478,67393,0.5579,0.5685,0.5472,29907,0.5575,0.5582,-0.0007,683,0.5271,63,99
Brineborn Cutthroat,U,uncommon,1742,0.5155,911,0.5379,831,0.4910,0.0469,66424,0.5370,0.5396,0.5456,32977,0.5430,0.5311,0.0119,926,0.5065,64,145
Cathar Commando,W,common,3239,0.5428,1702,0.5376,1537,0.5485,-0.0109,153236,0.5554,0.5596,0.5525,72782,0.5558,0.5550,0.0008,1716,0.5449,65,110
Crystal Barricade,W,rare,155,0.5548,67,0.5373,88,0.5682,-0.0309,8294,0.5004,0.5019,0.4756,3565,0.4870,0.5105,-0.0235,77,0.4286,66,250
Soulstone Sanctuary,,rare,809,0.5204,376,0.5372,433,0.5058,0.0315,33006,0.5563,0.5548,0.5764,13712,0.5675,0.5484,0.0192,387,0.5943,67,74
Cat Collector,W,uncommon,1938,0.5382,964,0.5363,974,0.5400,-0.0037,89502,0.5642,0.5764,0.5930,41111,0.5857,0.5459,0.0398,963,0.5711,68,34
Spectral Sailor,U,uncommon,2380,0.5155,1302,0.5353,1078,0.4917,0.0437,94030,0.5581,0.5786,0.5916,46061,0.5862,0.5312,0.0550,1345,0.5271,69,32
Vampire Soulcaller,B,common,2660,0.4977,1409,0.5344,1251,0.4564,0.0780,115390,0.5360,0.5008,0.5659,52531,0.5398,0.5329,0.0069,1392,0.5129,70,155
Abyssal Harvester,B,rare,859,0.4983,422,0.5332,437,0.4645,0.0686,40310,0.5414,0.5551,0.5580,18045,0.5568,0.5289,0.0280,433,0.4896,71,102
Authority of the Consuls,W,rare,172,0.5581,77,0.5325,95,0.5789,-0.0465,11031,0.5206,0.5457,0.5018,4686,0.5203,0.5209,-0.0006,77,0.5844,72,205
Quilled Greatwurm,G,mythic,207,0.4493,94,0.5319,113,0.3805,0.1514,15410,0.5317,0.5249,0.5683,6298,0.5500,0.5191,0.0309,95,0.4421,73,127
Cephalid Inkmage,U,uncommon,927,0.5210,536,0.5317,391,0.5064,0.0253,39554,0.5281,0.5161,0.5470,19113,0.5342,0.5224,0.0118,533,0.5347,74,174
Stromkirk Bloodthief,B,uncommon,616,0.5032,316,0.5316,300,0.4733,0.0583,39566,0.5228,0.5192,0.5301,17878,0.5253,0.5208,0.0045,311,0.5691,75,194
Sanguine Syphoner,B,common,1479,0.5051,762,0.5315,717,0.4770,0.0545,73861,0.5285,0.5360,0.5296,36438,0.5326,0.5245,0.0081,756,0.4881,76,180
"Zimone, Paradox Sculptor",GU,mythic,420,0.4833,194,0.5309,226,0.4425,0.0884,19486,0.5530,0.6129,0.6350,8661,0.6263,0.4944,0.1318,199,0.5477,77,4
Beast-Kin Ranger,G,common,2344,0.5021,1303,0.5303,1041,0.4669,0.0635,108525,0.5427,0.5603,0.5448,53446,0.5523,0.5335,0.0188,1312,0.5412,78,122
Meteor Golem,,uncommon,1158,0.5302,567,0.5291,591,0.5313,-0.0022,44513,0.5349,0.4955,0.5776,19494,0.5453,0.5267,0.0187,555,0.4883,79,140
Make Your Move,W,common,2373,0.5449,1199,0.5271,1174,0.5630,-0.0359,109907,0.5463,0.5300,0.5688,48775,0.5526,0.5413,0.0113,1209,0.5186,80,120
Needletooth Pack,G,uncommon,975,0.4974,454,0.5264,521,0.4722,0.0543,49455,0.5328,0.5212,0.5441,20776,0.5342,0.5318,0.0024,447,0.4944,81,175
Skyship Buccaneer,U,uncommon,2093,0.5189,1108,0.5262,985,0.5107,0.0155,77405,0.5501,0.5344,0.5844,37008,0.5649,0.5365,0.0283,1132,0.5247,82,82
High Fae Trickster,U,rare,735,0.4912,385,0.5247,350,0.4543,0.0704,35490,0.5363,0.5327,0.5604,16314,0.5498,0.5249,0.0250,398,0.5402,83,129
Dragon Trainer,R,uncommon,1731,0.4766,884,0.5238,847,0.4274,0.0964,71412,0.5556,0.5423,0.5822,31085,0.5647,0.5486,0.0162,861,0.5180,84,84
Archmage of Runes,U,rare,877,0.4869,489,0.5235,388,0.4407,0.0828,36219,0.5355,0.5280,0.5706,16956,0.5546,0.5187,0.0359,472,0.5042,85,115
Hero's Downfall,B,uncommon,2085,0.4830,1046,0.5229,1039,0.4427,0.0802,87975,0.5471,0.5393,0.5929,40814,0.5708,0.5266,0.0442,1064,0.4906,86,67
Micromancer,U,uncommon,2105,0.5050,1157,0.5229,948,0.4831,0.0398,81884,0.5627,0.5713,0.6040,39893,0.5911,0.5357,0.0553,1117,0.5210,87,25
Solemn Simulacrum,,rare,769,0.5189,374,0.5214,395,0.5165,0.0049,39101,0.5413,0.5566,0.5722,16979,0.5658,0.5226,0.0432,388,0.5077,88,81
Shivan Dragon,R,uncommon,615,0.5041,282,0.5213,333,0.4895,0.0318,28491,0.5189,0.4915,0.5274,11533,0.5118,0.5237,-0.0119,259,0.5290,89,226
Clinquant Skymage,U,uncommon,494,0.5202,261,0.5211,233,0.5193,0.0018,32244,0.4893,0.4620,0.5037,15302,0.4873,0.4911,-0.0039,264,0.5076,90,248
Adventuring Gear,,uncommon,95,0.4632,48,0.5208,47,0.4043,0.1166,6115,0.4891,0.4609,0.4724,2429,0.4673,0.5035,-0.0363,51,0.4510,91,262
Refute,U,common,4445,0.5125,2705,0.5205,1740,0.5000,0.0205,166440,0.5522,0.5603,0.5871,91672,0.5755,0.5235,0.0520,2735,0.5261,92,55
Mocking Sprite,U,common,1178,0.5068,642,0.5202,536,0.4907,0.0296,57572,0.5078,0.4845,0.5112,28201,0.4998,0.5155,-0.0157,655,0.5160,93,241
Think Twice,U,common,3885,0.5071,2259,0.5188,1626,0.4908,0.0280,171268,0.5479,0.5497,0.5790,90931,0.5658,0.5276,0.0382,2251,0.5104,94,80
Billowing Shriekmass,B,uncommon,957,0.5037,482,0.5187,475,0.4884,0.0303,50581,0.5264,0.4994,0.5622,23466,0.5368,0.5175,0.0194,494,0.5040,95,167
"Balmor, Battlemage Captain",RU,uncommon,748,0.4639,415,0.5181,333,0.3964,0.1217,41243,0.5320,0.5572,0.5551,21473,0.5560,0.5059,0.0501,410,0.4780,96,106
Bake into a Pie,B,common,4768,0.4964,2699,0.5172,2069,0.4693,0.0479,202843,0.5517,0.5537,0.6004,103949,0.5801,0.5219,0.0583,2707,0.5002,97,45
Marauding Blight-Priest,B,common,1272,0.5134,639,0.5164,633,0.5103,0.0062,60893,0.5283,0.5038,0.5466,30300,0.5272,0.5294,-0.0021,636,0.5314,98,190
Wind-Scarred Crag,RW,common,1145,0.4917,521,0.5163,624,0.4712,0.0452,56437,0.5430,0.5614,0.5150,24572,0.5366,0.5480,-0.0114,523,0.5067,99,169
"Kaito, Cunning Infiltrator",U,mythic,411,0.4866,217,0.5161,194,0.4536,0.0625,18885,0.5485,0.5711,0.5901,8593,0.5827,0.5200,0.0627,224,0.4732,100,39
Hare Apparent,W,common,615,0.5089,408,0.5147,207,0.4976,0.0171,27949,0.5201,0.5184,0.4924,18121,0.5071,0.5441,-0.0370,415,0.5253,101,234
Claws Out,W,uncommon,689,0.4978,311,0.5145,378,0.4841,0.0303,45228,0.5455,0.5170,0.5488,19017,0.5359,0.5524,-0.0165,323,0.5356,102,171
"Kiora, the Rising Tide",U,rare,1080,0.4861,556,0.5144,524,0.4561,0.0583,43089,0.5616,0.5949,0.6095,20176,0.6038,0.5244,0.0794,571,0.5096,103,20
Consuming Aberration,BU,rare,533,0.5009,284,0.5141,249,0.4859,0.0281,24221,0.5058,0.4717,0.5486,11484,0.5196,0.4934,0.0262,304,0.5493,104,208
Tragic Banshee,B,uncommon,2478,0.4774,1287,0.5136,1191,0.4383,0.0753,99783,0.5550,0.5557,0.5996,45920,0.5817,0.5322,0.0495,1291,0.4872,105,42
Zombify,B,uncommon,728,0.4959,374,0.5134,354,0.4774,0.0360,34628,0.5189,0.4955,0.5549,15509,0.5314,0.5087,0.0228,375,0.5227,106,182
Tolarian Terror,U,common,2169,0.4832,1286,0.5132,883,0.4394,0.0738,98071,0.5246,0.4844,0.5493,54456,0.5220,0.5279,-0.0060,1294,0.4961,107,201
Lightshell Duo,U,common,2603,0.4952,1487,0.5131,1116,0.4713,0.0418,93081,0.5423,0.5394,0.5690,46716,0.5572,0.5274,0.0298,1517,0.5227,108,100
Run Away Together,U,common,1438,0.5000,757,0.5125,681,0.4860,0.0265,68476,0.5128,0.4804,0.5377,32216,0.5150,0.5109,0.0041,774,0.4845,109,220
Squad Rallier,W,common,2286,0.5267,1218,0.5123,1068,0.5431,-0.0308,94619,0.5557,0.5429,0.5654,42029,0.5559,0.5556,0.0004,1200,0.5192,110,107
Aetherize,U,uncommon,449,0.5122,250,0.5120,199,0.5126,-0.0006,27313,0.5018,0.4625,0.5253,12096,0.5012,0.5023,-0.0011,230,0.4913,111,239
Quick-Draw Katana,,common,462,0.5303,215,0.5116,247,0.5466,-0.0349,24248,0.5250,0.5096,0.5087,9778,0.5091,0.5357,-0.0266,212,0.5047,112,232
Battlesong Berserker,R,uncommon,1616,0.4858,792,0.5114,824,0.4612,0.0502,74717,0.5629,0.5703,0.5806,32403,0.5759,0.5529,0.0230,790,0.4987,113,54
Wary Thespian,G,common,2433,0.5121,1262,0.5111,1171,0.5132,-0.0021,113594,0.5425,0.5618,0.5465,55670,0.5540,0.5315,0.0225,1281,0.5199,114,116
Stab,B,common,5202,0.4817,3004,0.5110,2198,0.4418,0.0692,212761,0.5531,0.5720,0.5841,110637,0.5786,0.5255,0.0530,3023,0.5015,115,48
Strix Lookout,U,common,3368,0.5092,1875,0.5104,1493,0.5077,0.0027,152722,0.5413,0.5448,0.5534,79428,0.5496,0.5323,0.0172,1882,0.5298,116,130
Witness Protection,U,common,1719,0.5084,940,0.5096,779,0.5071,0.0025,87770,0.5220,0.4993,0.5485,43883,0.5282,0.5158,0.0123,953,0.5215,117,187
Anthem of Champions,GW,rare,253,0.5178,118,0.5085,135,0.5259,-0.0175,20355,0.5349,0.5597,0.5513,8648,0.5550,0.5199,0.0351,124,0.6452,118,113
Exsanguinate,B,uncommon,109,0.4128,59,0.5085,50,0.3000,0.2085,6077,0.4889,0.4422,0.5099,2584,0.4818,0.4941,-0.0123,52,0.4808,119,256
Treetop Snarespinner,G,common,2211,0.5029,1080,0.5083,1131,0.4978,0.0105,104300,0.5362,0.5290,0.5604,48558,0.5462,0.5274,0.0188,1114,0.5575,120,136
Nessian Hornbeetle,G,uncommon,1288,0.4899,608,0.5082,680,0.4735,0.0347,61210,0.5526,0.5780,0.5517,27128,0.5641,0.5435,0.0206,625,0.5088,121,87
"Chandra, Flameshaper",R,mythic,394,0.4873,201,0.5075,193,0.4663,0.0411,20004,0.5627,0.5826,0.6391,8377,0.6161,0.5243,0.0918,205,0.5024,122,12
Heroic Reinforcements,RW,uncommon,921,0.4929,475,0.5074,446,0.4776,0.0298,45260,0.5490,0.5391,0.5738,21623,0.5578,0.5411,0.0167,499,0.5351,123,97
Campus Guide,,common,1575,0.5022,765,0.5072,810,0.4975,0.0097,81665,0.5206,0.5092,0.5178,37663,0.5139,0.5263,-0.0124,799,0.4793,124,224
Midnight Snack,B,uncommon,153,0.4837,71,0.5070,82,0.4634,0.0436,9045,0.4965,0.4626,0.5036,3847,0.4864,0.5040,-0.0177,71,0.5775,125,251
Elementalist Adept,U,common,1844,0.5119,1048,0.5067,796,0.5188,-0.0122,86729,0.5252,0.5221,0.5289,44209,0.5259,0.5246,0.0013,1085,0.5198,126,192
Fiery Annihilation,R,uncommon,1857,0.4868,882,0.5057,975,0.4697,0.0359,84288,0.5605,0.5745,0.5875,37302,0.5817,0.5437,0.0380,879,0.4516,127,43
Sylvan Scavenging,G,rare,620,0.5113,267,0.5056,353,0.5156,-0.0100,34723,0.5658,0.6489,0.5955,14483,0.6183,0.5283,0.0900,285,0.5965,128,9
Drake Hatcher,U,rare,928,0.5032,447,0.5056,481,0.5010,0.0046,38765,0.5448,0.5936,0.5488,17961,0.5673,0.5254,0.0420,475,0.5432,129,75
Resolute Reinforcements,W,uncommon,1513,0.5089,748,0.5040,765,0.5137,-0.0097,67242,0.5470,0.5398,0.5392,30377,0.5395,0.5532,-0.0137,735,0.5129,130,157
Sun-Blessed Healer,W,uncommon,2225,0.5222,1104,0.5036,1121,0.5406,-0.0370,91518,0.5660,0.5767,0.5912,41840,0.5848,0.5501,0.0347,1112,0.5288,131,36
Revenge of the Rats,B,uncommon,348,0.5230,179,0.5028,169,0.5444,-0.0416,20616,0.5172,0.4697,0.5442,9067,0.5140,0.5198,-0.0058,187,0.4545,132,223
Eager Trufflesnout,G,uncommon,1124,0.5098,547,0.5027,577,0.5165,-0.0137,57095,0.5516,0.5695,0.5605,25119,0.5647,0.5413,0.0234,530,0.5377,133,85
Perforating Artist,BR,uncommon,1098,0.4526,559,0.5027,539,0.4007,0.1019,52241,0.5500,0.5840,0.5669,25534,0.5748,0.5262,0.0486,559,0.5116,134,59
Blasphemous Edict,B,rare,1166,0.4983,592,0.5017,574,0.4948,0.0069,45240,0.5551,0.5665,0.6117,20309,0.5937,0.5237,0.0700,570,0.5018,135,23
Uncharted Voyage,U,common,4293,0.5029,2446,0.5008,1847,0.5057,-0.0049,155932,0.5493,0.5344,0.5833,79721,0.5632,0.5348,0.0284,2476,0.5053,136,89
Aegis Turtle,U,common,617,0.5008,334,0.5000,283,0.5018,-0.0018,23939,0.5045,0.4863,0.5081,11332,0.4988,0.5097,-0.0110,333,0.5195,137,242
Armasaur Guide,W,common,614,0.5049,288,0.5000,326,0.5092,-0.0092,30405,0.5206,0.4924,0.5146,12709,0.5052,0.5317,-0.0265,286,0.4615,138,236
Embercleave,R,mythic,74,0.4459,32,0.5000,42,0.4048,0.0952,3530,0.5861,0.6061,0.6641,1395,0.6380,0.5522,0.0858,38,0.5789,139,2
Erudite Wizard,U,common,1213,0.4872,698,0.5000,515,0.4699,0.0301,62253,0.5095,0.5069,0.5134,32519,0.5107,0.5083,0.0023,717,0.4784,140,229
Swiftfoot Boots,,uncommon,116,0.5172,52,0.5000,64,0.5312,-0.0312,10403,0.4834,0.4258,0.4479,4240,0.4384,0.5144,-0.0759,55,0.5091,141,266
Time Stop,U,rare,169,0.4852,86,0.5000,83,0.4699,0.0301,10933,0.4882,0.4252,0.5051,4873,0.4751,0.4987,-0.0236,84,0.5476,142,259
Spinner of Souls,G,rare,865,0.4925,391,0.4987,474,0.4873,0.0114,38661,0.5668,0.6198,0.6221,16634,0.6211,0.5258,0.0953,417,0.5252,143,5
Llanowar Elves,G,common,2562,0.4902,1390,0.4986,1172,0.4804,0.0182,124718,0.5453,0.6166,0.5240,62210,0.5705,0.5202,0.0503,1371,0.5084,144,68
Courageous Goblin,R,common,2060,0.4840,1047,0.4976,1013,0.4699,0.0277,92877,0.5477,0.5491,0.5277,44677,0.5385,0.5562,-0.0178,1065,0.5070,145,161
Affectionate Indrik,G,uncommon,1144,0.5044,552,0.4964,592,0.5118,-0.0154,58995,0.5432,0.5227,0.5790,25262,0.5549,0.5344,0.0205,555,0.4739,146,114
Heartfire Immolator,R,uncommon,1799,0.4603,869,0.4960,930,0.4269,0.0691,78312,0.5584,0.5838,0.5564,35587,0.5693,0.5493,0.0199,861,0.4866,147,71
Apothecary Stomper,G,common,1081,0.4764,496,0.4960,585,0.4598,0.0361,47290,0.5236,0.4874,0.5382,20237,0.5162,0.5291,-0.0128,515,0.4757,148,216
Thornwood Falls,GU,common,1188,0.4613,609,0.4959,579,0.4249,0.0710,55647,0.5246,0.5393,0.5365,25862,0.5378,0.5131,0.0246,641,0.4977,149,164
Jungle Hollow,BG,common,1106,0.4873,515,0.4951,591,0.4805,0.0146,52365,0.5140,0.5344,0.5222,23496,0.5277,0.5028,0.0249,519,0.4933,150,189
Eaten Alive,B,common,4779,0.4867,2735,0.4943,2044,0.4765,0.0178,198231,0.5464,0.5314,0.5842,98928,0.5613,0.5316,0.0297,2759,0.4657,151,93
"Dwynen, Gilt-Leaf Daen",G,uncommon,733,0.4857,314,0.4936,419,0.4797,0.0139,36782,0.5243,0.5173,0.5392,15680,0.5293,0.5205,0.0088,306,0.4869,152,186
Elvish Regrower,G,uncommon,1349,0.4893,657,0.4932,692,0.4855,0.0076,67228,0.5505,0.5390,0.5844,29490,0.5648,0.5394,0.0254,650,0.5031,153,83
Burglar Rat,B,common,4900,0.4763,2832,0.4929,2068,0.4536,0.0394,194374,0.5510,0.5616,0.5641,103615,0.5629,0.5373,0.0257,2754,0.4847,154,90
Arcane Epiphany,U,uncommon,1794,0.4827,950,0.4926,844,0.4716,0.0211,79250,0.5439,0.5266,0.5787,36853,0.5586,0.5311,0.0275,955,0.4848,155,94
"Tinybones, Bauble Burglar",B,rare,831,0.4741,384,0.4922,447,0.4586,0.0336,37949,0.5485,0.5899,0.5573,17035,0.5711,0.5301,0.0410,382,0.5209,156,65
Soul-Shackled Zombie,B,common,2592,0.4703,1434,0.4909,1158,0.4447,0.0462,100957,0.5418,0.5120,0.5789,48392,0.5505,0.5337,0.0168,1437,0.5150,157,125
Mild-Mannered Librarian,G,uncommon,1232,0.4935,573,0.4904,659,0.4962,-0.0058,60856,0.5506,0.5682,0.5673,27049,0.5677,0.5369,0.0308,568,0.5317,158,72
Ambush Wolf,G,common,2007,0.4908,1028,0.4903,979,0.4913,-0.0010,85856,0.5447,0.5492,0.5561,40641,0.5528,0.5373,0.0155,1026,0.5068,159,119
Elvish Archdruid,G,rare,440,0.4818,196,0.4898,244,0.4754,0.0144,19564,0.5255,0.5536,0.5306,8203,0.5410,0.5143,0.0267,185,0.4757,160,153
"Liliana, Dreadhorde General",B,mythic,420,0.4786,196,0.4898,224,0.4688,0.0210,22463,0.5692,0.6196,0.6547,9890,0.6412,0.5126,0.1285,198,0.5000,161,1
Imprisoned in the Moon,U,uncommon,469,0.4755,243,0.4897,226,0.4602,0.0295,29458,0.4995,0.4618,0.5274,13620,0.5005,0.4985,0.0020,237,0.4515,162,240
Dauntless Veteran,W,uncommon,769,0.5085,382,0.4895,387,0.5271,-0.0376,45037,0.5334,0.5163,0.5218,19355,0.5193,0.5440,-0.0247,401,0.5137,163,210
Gutless Plunderer,B,common,2325,0.4826,1236,0.4895,1089,0.4747,0.0147,104121,0.5314,0.5187,0.5546,49628,0.5391,0.5244,0.0147,1223,0.4849,164,159
Infestation Sage,B,common,4595,0.4749,2632,0.4882,1963,0.4570,0.0313,172563,0.5492,0.5732,0.5614,89843,0.5669,0.5300,0.0368,2610,0.4851,165,76
Vengeful Bloodwitch,B,uncommon,1314,0.4893,649,0.4869,665,0.4917,-0.0048,63089,0.5327,0.5132,0.5537,29182,0.5358,0.5301,0.0057,640,0.4547,166,172
Stroke of Midnight,W,uncommon,322,0.5093,144,0.4861,178,0.5281,-0.0420,22739,0.5157,0.4911,0.5259,9819,0.5114,0.5190,-0.0076,148,0.4527,167,228
Hungry Ghoul,B,common,4109,0.4751,2332,0.4858,1777,0.4609,0.0250,173531,0.5435,0.5505,0.5611,89986,0.5562,0.5299,0.0263,2294,0.4847,168,105
Evolving Wilds,,common,5357,0.4872,2754,0.4855,2603,0.4891,-0.0036,229215,0.5471,0.5583,0.5353,107097,0.5459,0.5481,-0.0022,2744,0.4865,169,137
Diregraf Ghoul,B,uncommon,861,0.4541,441,0.4853,420,0.4214,0.0638,42315,0.5333,0.5690,0.5223,19064,0.5427,0.5256,0.0171,460,0.4935,170,147
Goblin Boarders,R,common,1676,0.4732,808,0.4851,868,0.4620,0.0232,85780,0.5432,0.5427,0.5307,40068,0.5364,0.5492,-0.0128,838,0.4642,171,170
"Zul Ashur, Lich Lord",B,rare,574,0.4808,268,0.4851,306,0.4771,0.0080,26194,0.5354,0.5331,0.5554,11488,0.5458,0.5273,0.0185,261,0.4943,172,138
Strongbox Raider,R,uncommon,1305,0.4851,582,0.4845,723,0.4855,-0.0009,58213,0.5498,0.5414,0.5615,24677,0.5525,0.5478,0.0047,603,0.4959,173,121
Wardens of the Cycle,BG,uncommon,666,0.4595,316,0.4842,350,0.4371,0.0470,32084,0.5047,0.4943,0.5253,15094,0.5115,0.4986,0.0129,311,0.4823,174,227
Overrun,G,uncommon,994,0.5020,457,0.4814,537,0.5196,-0.0382,51811,0.5428,0.5180,0.5737,21347,0.5499,0.5378,0.0120,456,0.5000,175,128
Fleeting Flight,W,common,2686,0.5220,1378,0.4804,1308,0.5657,-0.0853,129718,0.5572,0.5548,0.5717,58273,0.5644,0.5513,0.0131,1409,0.4862,176,86
Bloodfell Caves,BR,common,1609,0.4761,787,0.4803,822,0.4720,0.0083,70954,0.5448,0.5632,0.5275,31524,0.5440,0.5455,-0.0015,810,0.4741,177,143
Raise the Past,W,rare,160,0.5125,75,0.4800,85,0.5412,-0.0612,8290,0.5170,0.4808,0.5283,3406,0.5094,0.5223,-0.0129,87,0.4598,178,231
Rite of the Dragoncaller,R,mythic,167,0.4192,75,0.4800,92,0.3696,0.1104,7841,0.5104,0.5041,0.5241,3407,0.5163,0.5059,0.0104,80,0.5500,179,215
Bite Down,G,common,2835,0.4938,1518,0.4796,1317,0.5103,-0.0307,130200,0.5434,0.5354,0.5730,62971,0.5557,0.5319,0.0238,1534,0.4935,180,112
Rise of the Dark Realms,B,mythic,170,0.4471,96,0.4792,74,0.4054,0.0738,7305,0.5168,0.4756,0.5789,3232,0.5396,0.4986,0.0410,94,0.3723,181,156
Fleeting Distraction,U,common,3528,0.4994,2142,0.4790,1386,0.5310,-0.0520,143888,0.5423,0.5287,0.5640,76215,0.5483,0.5356,0.0127,2144,0.4879,182,132
Sower of Chaos,R,common,857,0.4901,399,0.4787,458,0.5000,-0.0213,31608,0.5488,0.5316,0.5512,13002,0.5425,0.5532,-0.0107,391,0.4706,183,148
Mischievous Pup,W,uncommon,950,0.5158,483,0.4783,467,0.5546,-0.0763,41611,0.5345,0.4932,0.5326,18204,0.5159,0.5491,-0.0332,477,0.5136,184,217
Curator of Destinies,U,rare,1023,0.5200,385,0.4779,638,0.5455,-0.0675,46915,0.5717,0.5882,0.6408,21884,0.6209,0.5287,0.0922,327,0.4526,185,6
Seeker's Folly,B,uncommon,1545,0.4738,789,0.4778,756,0.4696,0.0082,59427,0.5460,0.5476,0.5791,26840,0.5662,0.5294,0.0369,792,0.4760,186,79
Broken Wings,G,common,330,0.4727,157,0.4777,173,0.4682,0.0095,18683,0.4986,0.4646,0.5111,7484,0.4917,0.5033,-0.0115,158,0.4684,187,245
Twinblade Blessing,W,uncommon,147,0.5102,67,0.4776,80,0.5375,-0.0599,9504,0.4952,0.4420,0.4877,3908,0.4683,0.5139,-0.0457,67,0.5075,188,260
Firespitter Whelp,R,uncommon,914,0.4595,445,0.4764,469,0.4435,0.0329,36297,0.5231,0.5165,0.5148,16296,0.5156,0.5293,-0.0137,445,0.4966,189,218
Searslicer Goblin,R,rare,969,0.4706,445,0.4764,524,0.4656,0.0108,40699,0.5700,0.6274,0.5823,17141,0.6029,0.5461,0.0569,425,0.4541,190,21
Slagstorm,R,rare,285,0.5158,141,0.4752,144,0.5556,-0.0804,19469,0.5390,0.5376,0.5699,8269,0.5558,0.5266,0.0292,130,0.4923,191,108
Elfsworn Giant,G,common,1457,0.4777,693,0.4747,764,0.4804,-0.0056,70069,0.5260,0.5058,0.5420,30792,0.5261,0.5260,0.0001,717,0.4728,192,191
"Ruby, Daring Tracker",GR,uncommon,841,0.4780,449,0.4744,392,0.4821,-0.0078,36433,0.5573,0.5920,0.5483,16871,0.5699,0.5465,0.0234,459,0.5207,193,69
Swiftwater Cliffs,RU,common,1381,0.4699,683,0.4744,698,0.4656,0.0088,54093,0.5350,0.5563,0.5306,25493,0.5421,0.5288,0.0133,710,0.4831,194,149
Brazen Scourge,R,uncommon,874,0.4771,437,0.4737,437,0.4805,-0.0069,42515,0.5344,0.5278,0.5181,18504,0.5226,0.5436,-0.0210,447,0.4966,195,200
Dwynen's Elite,G,common,1497,0.4716,864,0.4722,633,0.4708,0.0014,71568,0.5272,0.5297,0.5319,38200,0.5307,0.5233,0.0075,859,0.4878,196,183
Lunar Insight,U,rare,264,0.4962,142,0.4718,122,0.5246,-0.0528,11355,0.5180,0.4873,0.5550,5042,0.5280,0.5101,0.0179,136,0.3971,197,188
Vampire Gourmand,B,uncommon,2852,0.4586,1506,0.4701,1346,0.4458,0.0244,104492,0.5577,0.5891,0.5797,50062,0.5838,0.5336,0.0502,1479,0.4692,198,38
Ashroot Animist,GR,rare,682,0.4575,332,0.4699,350,0.4457,0.0242,27285,0.5479,0.5845,0.5848,11345,0.5847,0.5218,0.0629,326,0.5276,199,37
Reassembling Skeleton,B,uncommon,1454,0.4608,688,0.4680,766,0.4543,0.0137,65645,0.5305,0.4985,0.5428,29698,0.5236,0.5362,-0.0126,703,0.4552,200,199
Macabre Waltz,B,common,2072,0.4585,1012,0.4644,1060,0.4528,0.0116,96868,0.5277,0.4745,0.5472,41844,0.5185,0.5346,-0.0160,980,0.4684,201,212
Rugged Highlands,GR,common,1161,0.4660,556,0.4640,605,0.4678,-0.0037,47864,0.5438,0.5674,0.5123,20668,0.5391,0.5473,-0.0082,584,0.4709,202,158
Temporal Manipulation,U,mythic,78,0.4872,41,0.4634,37,0.5135,-0.0501,2588,0.5151,0.4857,0.5708,1187,0.5383,0.4954,0.0430,30,0.5000,203,162
"Niv-Mizzet, Visionary",RU,mythic,105,0.4476,54,0.4630,51,0.4314,0.0316,5613,0.4755,0.4120,0.5023,2406,0.4680,0.4811,-0.0131,59,0.4746,204,261
Bushwhack,G,common,2609,0.4845,1335,0.4629,1274,0.5071,-0.0441,113195,0.5352,0.5247,0.5491,52968,0.5376,0.5332,0.0044,1362,0.4860,205,165
Sphinx of Forgotten Lore,U,mythic,371,0.4987,201,0.4627,170,0.5412,-0.0785,19788,0.5468,0.5440,0.5967,8960,0.5771,0.5217,0.0554,193,0.5078,206,51
"Loot, Exuberant Explorer",G,rare,567,0.4797,227,0.4626,340,0.4912,-0.0286,27266,0.5377,0.5567,0.5596,11620,0.5583,0.5224,0.0360,230,0.4348,207,95
Scavenging Ooze,G,rare,722,0.4529,305,0.4623,417,0.4460,0.0163,34357,0.5659,0.6166,0.6179,14819,0.6173,0.5269,0.0904,290,0.5138,208,11
Nine-Lives Familiar,B,rare,692,0.4668,354,0.4605,338,0.4734,-0.0129,27862,0.5265,0.5270,0.5434,12345,0.5367,0.5184,0.0183,334,0.4671,209,168
Abrade,R,uncommon,1756,0.4550,832,0.4603,924,0.4502,0.0101,82045,0.5571,0.5694,0.5748,36439,0.5724,0.5450,0.0274,822,0.4635,210,64
Mossborn Hydra,G,rare,510,0.4706,213,0.4601,297,0.4781,-0.0180,26026,0.5287,0.5675,0.5366,11036,0.5503,0.5129,0.0374,231,0.4372,211,126
Self-Reflection,U,uncommon,581,0.4441,309,0.4595,272,0.4265,0.0331,20367,0.5302,0.5232,0.5584,9067,0.5451,0.5182,0.0268,307,0.4951,212,141
Gorehorn Raider,R,common,2644,0.4660,1338,0.4589,1306,0.4732,-0.0143,109804,0.5581,0.5522,0.5785,49976,0.5666,0.5510,0.0156,1349,0.4581,213,78
"Kellan, Planar Trailblazer",R,rare,921,0.4593,449,0.4588,472,0.4597,-0.0009,38084,0.5646,0.6266,0.5590,15818,0.5902,0.5463,0.0439,449,0.4878,214,28
"Muldrotha, the Gravetide",BGU,mythic,222,0.4189,105,0.4571,117,0.3846,0.0725,11769,0.5014,0.4817,0.5779,5305,0.5418,0.4683,0.0735,122,0.4180,215,151
Garruk's Uprising,G,uncommon,621,0.4815,266,0.4549,355,0.5014,-0.0465,34297,0.5352,0.5039,0.5353,13997,0.5211,0.5449,-0.0238,271,0.4465,216,203
Reclamation Sage,G,uncommon,636,0.4890,307,0.4528,329,0.5228,-0.0700,33295,0.5158,0.4753,0.5115,13785,0.4956,0.5300,-0.0344,295,0.4237,217,244
Firebrand Archer,R,common,892,0.4383,481,0.4511,411,0.4234,0.0278,50109,0.5132,0.4965,0.4974,24860,0.4970,0.5291,-0.0321,510,0.4490,218,243
Pilfer,B,common,2441,0.4650,1299,0.4503,1142,0.4816,-0.0313,88712,0.5434,0.5512,0.5603,41835,0.5565,0.5316,0.0249,1283,0.4778,219,103
Fiend Artisan,BG,mythic,107,0.4486,56,0.4464,51,0.4510,-0.0046,2655,0.5439,0.5388,0.5603,1132,0.5512,0.5384,0.0128,58,0.3793,220,124
Goblin Surprise,R,common,1873,0.4474,971,0.4459,902,0.4490,-0.0031,90548,0.5356,0.5095,0.5400,43647,0.5257,0.5448,-0.0191,968,0.4390,221,193
Burst Lightning,R,common,4147,0.4548,2380,0.4445,1767,0.4686,-0.0241,176387,0.5575,0.5707,0.5866,90050,0.5789,0.5353,0.0436,2358,0.4232,222,47
"Drakuseth, Maw of Flames",R,rare,440,0.4795,189,0.4444,251,0.5060,-0.0615,22336,0.5296,0.5057,0.5705,9080,0.5430,0.5204,0.0225,204,0.4657,223,146
Snakeskin Veil,G,uncommon,940,0.4489,462,0.4416,478,0.4561,-0.0145,55578,0.5395,0.5356,0.5532,22863,0.5454,0.5353,0.0101,464,0.4720,224,139
"Etali, Primal Storm",R,rare,642,0.4533,285,0.4386,357,0.4650,-0.0264,29176,0.5317,0.5115,0.5485,11905,0.5326,0.5311,0.0015,291,0.4399,225,179
Axgard Cavalry,R,common,1735,0.4640,810,0.4383,925,0.4865,-0.0482,75084,0.5405,0.5317,0.5116,33464,0.5214,0.5559,-0.0345,818,0.4548,226,202
Wildwood Scourge,G,uncommon,675,0.4356,315,0.4381,360,0.4333,0.0048,33567,0.5238,0.4908,0.5294,14605,0.5121,0.5329,-0.0208,326,0.4018,227,225
Fake Your Own Death,B,common,3139,0.4642,1623,0.4368,1516,0.4934,-0.0566,127415,0.5456,0.5382,0.5722,57913,0.5581,0.5351,0.0230,1636,0.4450,228,96
Gnarlid Colony,G,common,2233,0.4662,1125,0.4347,1108,0.4982,-0.0635,105286,0.5344,0.5203,0.5392,50920,0.5300,0.5384,-0.0084,1147,0.4551,229,184
Incinerating Blast,R,common,1507,0.4273,697,0.4333,810,0.4222,0.0111,69209,0.5288,0.5031,0.5392,29689,0.5238,0.5326,-0.0088,733,0.4065,230,197
Thrill of Possibility,R,common,1092,0.4368,590,0.4322,502,0.4422,-0.0100,61129,0.5247,0.5022,0.5260,28441,0.5149,0.5333,-0.0184,585,0.4034,231,221
Preposterous Proportions,G,rare,330,0.5121,144,0.4306,186,0.5753,-0.1447,13162,0.5338,0.5046,0.5658,5237,0.5402,0.5296,0.0106,157,0.5669,232,154
Rogue's Passage,,uncommon,737,0.4898,351,0.4302,386,0.5440,-0.1138,33985,0.5532,0.5352,0.5705,13737,0.5558,0.5514,0.0044,336,0.5089,233,109
Rune-Sealed Wall,U,uncommon,1040,0.4452,528,0.4299,512,0.4609,-0.0310,42818,0.5155,0.5045,0.5267,20216,0.5177,0.5135,0.0042,497,0.4406,234,213
Good-Fortune Unicorn,GW,uncommon,470,0.4596,219,0.4292,251,0.4861,-0.0568,32689,0.5252,0.5253,0.5129,15475,0.5186,0.5310,-0.0124,231,0.4848,235,211
Vivien Reid,G,mythic,340,0.4647,151,0.4238,189,0.4974,-0.0735,16852,0.5592,0.5955,0.6267,6939,0.6139,0.5208,0.0931,154,0.4675,236,14
Giant Growth,G,common,1677,0.4657,808,0.4233,869,0.5052,-0.0819,71290,0.5397,0.5248,0.5559,30706,0.5419,0.5380,0.0039,807,0.4349,237,150
Homunculus Horde,U,rare,442,0.4457,242,0.4215,200,0.4750,-0.0535,23690,0.5089,0.4872,0.5247,11285,0.5104,0.5075,0.0030,232,0.4526,238,230
Crackling Cyclops,R,common,318,0.4182,184,0.4185,134,0.4179,0.0006,14467,0.5004,0.4782,0.4909,7214,0.4853,0.5155,-0.0302,179,0.4469,239,253
Phyrexian Arena,B,rare,637,0.4333,321,0.4112,316,0.4557,-0.0445,31749,0.5304,0.5527,0.5372,13804,0.5437,0.5201,0.0235,314,0.3726,240,144
Burnished Hart,,uncommon,425,0.4118,208,0.4087,217,0.4147,-0.0061,24807,0.4888,0.4669,0.4978,10984,0.4842,0.4924,-0.0083,199,0.4121,241,254
Fanatical Firebrand,R,common,1329,0.4545,640,0.4062,689,0.4993,-0.0930,65597,0.5418,0.5437,0.5171,30112,0.5300,0.5517,-0.0217,645,0.4186,242,185
"Tatyova, Benthic Druid",GU,uncommon,968,0.4205,479,0.4029,489,0.4376,-0.0347,46813,0.5134,0.4960,0.5438,21624,0.5238,0.5045,0.0192,501,0.3932,243,198
Seismic Rupture,R,uncommon,183,0.4426,92,0.4022,91,0.4835,-0.0813,9680,0.5104,0.4725,0.5226,4357,0.5013,0.5179,-0.0167,98,0.3571,244,238
Genesis Wave,G,rare,112,0.4375,45,0.4000,67,0.4627,-0.0627,5727,0.5081,0.4469,0.5168,2274,0.4881,0.5213,-0.0332,51,0.3529,245,247
Inspiration from Beyond,U,uncommon,388,0.4356,210,0.4000,178,0.4775,-0.0775,22863,0.5214,0.4884,0.5610,10544,0.5329,0.5116,0.0213,226,0.4469,246,177
Sure Strike,R,common,1338,0.4335,623,0.3981,715,0.4643,-0.0663,58845,0.5342,0.5132,0.5329,25074,0.5241,0.5416,-0.0175,632,0.4430,247,196
Frenzied Goblin,R,uncommon,498,0.4478,213,0.3944,285,0.4877,-0.0934,30477,0.5369,0.5268,0.5049,12909,0.5153,0.5528,-0.0375,229,0.3755,248,219
Crypt Feaster,B,common,340,0.3853,151,0.3907,189,0.3810,0.0098,18482,0.5058,0.4820,0.5193,8275,0.5038,0.5075,-0.0037,157,0.4076,249,237
Involuntary Employment,R,common,1357,0.4134,792,0.3889,565,0.4478,-0.0589,61237,0.5454,0.5305,0.5776,30938,0.5557,0.5348,0.0209,789,0.3954,250,111
Hidetsugu's Second Rite,R,uncommon,259,0.4595,115,0.3826,144,0.5208,-0.1382,7847,0.5456,0.5316,0.5846,3215,0.5624,0.5339,0.0285,118,0.3644,251,92
Spitfire Lagac,R,common,214,0.4533,102,0.3824,112,0.5179,-0.1355,10394,0.5006,0.4765,0.4954,4484,0.4871,0.5108,-0.0238,103,0.3592,252,249
"Krenko, Mob Boss",R,rare,643,0.4121,278,0.3813,365,0.4356,-0.0543,34978,0.5417,0.5535,0.5532,14578,0.5533,0.5334,0.0199,270,0.3556,253,118
"Lathril, Blade of the Elves",BG,rare,274,0.4343,121,0.3802,153,0.4771,-0.0970,14091,0.4865,0.4807,0.4997,6112,0.4917,0.4825,0.0091,123,0.3740,254,246
Swiftblade Vindicator,RW,rare,340,0.4324,145,0.3793,195,0.4718,-0.0925,15906,0.5463,0.5580,0.5110,6541,0.5333,0.5555,-0.0222,132,0.4848,255,176
Goblin Negotiation,R,uncommon,464,0.4116,220,0.3773,244,0.4426,-0.0654,19246,0.5213,0.4905,0.5412,8154,0.5195,0.5226,-0.0031,208,0.3654,256,209
Ravenous Amulet,,uncommon,744,0.4207,364,0.3764,380,0.4632,-0.0868,27768,0.5269,0.4994,0.5297,12165,0.5171,0.5346,-0.0174,375,0.3813,257,214
Grow from the Ashes,G,common,816,0.4571,404,0.3762,412,0.5364,-0.1602,48995,0.4929,0.4640,0.4950,22592,0.4809,0.5031,-0.0222,410,0.3927,258,257
Extravagant Replication,U,rare,346,0.4653,178,0.3652,168,0.5714,-0.2063,22160,0.5143,0.4741,0.5476,10096,0.5205,0.5091,0.0114,171,0.4678,259,204
"Ajani, Caller of the Pride",W,mythic,366,0.4781,172,0.3547,194,0.5876,-0.2330,18098,0.5532,0.5768,0.5755,7592,0.5760,0.5367,0.0393,166,0.4157,260,53
Banner of Kinship,,rare,152,0.4079,67,0.3284,85,0.4706,-0.1422,7158,0.5176,0.4911,0.5172,2807,0.5062,0.5249,-0.0187,67,0.3582,261,235
Boltwave,R,uncommon,68,0.3382,41,0.2927,27,0.4074,-0.1147,5372,0.4792,0.4289,0.4640,2452,0.4474,0.5058,-0.0584,42,0.3571,262,265
Fishing Pole,,uncommon,64,0.5000,31,0.2903,33,0.6970,-0.4066,4531,0.4719,0.3922,0.4510,1989,0.4268,0.5071,-0.0802,28,0.3929,263,267
Blanchwood Armor,G,uncommon,121,0.3967,50,0.2800,71,0.4789,-0.1989,7183,0.5207,0.4983,0.5397,3051,0.5202,0.5211,-0.0009,56,0.3929,264,206
Electroduplicate,R,rare,64,0.3594,30,0.2667,34,0.4412,-0.1745,5197,0.5111,0.4935,0.5301,2154,0.5144,0.5087,0.0057,31,0.3871,265,222
Bulk Up,R,uncommon,132,0.2803,65,0.2462,67,0.3134,-0.0673,8918,0.5013,0.4484,0.5103,3559,0.4830,0.5135,-0.0305,64,0.4219,266,255
Inspiring Call,G,uncommon,134,0.3881,59,0.2034,75,0.5333,-0.3299,9179,0.4933,0.4319,0.4838,3632,0.4606,0.5147,-0.0541,57,0.2281,267,263
Akroma's Memorial,,mythic,54,0.4259,25,0.4000,29,0.4483,-0.0483,2317,0.5352,0.5100,0.5847,961,0.5536,0.5221,0.0315,30,0.5667,,
An Offer You Can't Refuse,U,uncommon,37,0.4595,24,0.5417,13,0.3077,0.2340,4230,0.4816,0.4593,0.4955,1855,0.4809,0.4821,-0.0012,23,0.6957,,
Bloom Tender,G,rare,38,0.3158,21,0.3333,17,0.2941,0.0392,2049,0.5207,0.5462,0.5393,835,0.5425,0.5058,0.0367,16,0.3125,,
Brass's Bounty,R,rare,0,,0,,0,,,99,0.3333,0.4286,0.3333,35,0.3714,0.3125,0.0589,0,,,
Condemn,W,uncommon,46,0.5435,18,0.5556,28,0.5357,0.0198,2858,0.5549,0.5652,0.5671,1192,0.5663,0.5468,0.0195,18,0.5000,,
Doubling Season,G,mythic,12,0.2500,8,0.2500,4,0.2500,0.0000,2581,0.4529,0.3915,0.3966,1019,0.3945,0.4910,-0.0965,9,0.2222,,
Goblin Bushwhacker,R,common,22,0.4091,8,0.3750,14,0.4286,-0.0536,1891,0.5373,0.5275,0.5320,751,0.5300,0.5421,-0.0121,5,0.6000,,
Grim Tutor,B,mythic,0,,0,,0,,,430,0.4628,0.4634,0.5000,188,0.4840,0.4463,0.0378,0,,,
Omniscience,U,mythic,8,0.3750,3,0.3333,5,0.4000,-0.0667,76,0.3421,0.3000,0.4118,27,0.3704,0.3265,0.0438,1,1.0000,,
Paradise Druid,G,uncommon,75,0.6000,24,0.5417,51,0.6275,-0.0858,2589,0.5288,0.5596,0.5194,1063,0.5381,0.5223,0.0158,20,0.6000,,
Progenitus,BGRUW,mythic,8,0.3750,5,0.4000,3,0.3333,0.0667,226,0.3938,0.3182,0.3934,105,0.3619,0.4215,-0.0596,3,1.0000,,
Secluded Courtyard,,uncommon,49,0.4082,21,0.5238,28,0.3214,0.2024,3833,0.4926,0.4403,0.4881,1683,0.4676,0.5121,-0.0445,19,0.6842,,
Sphinx's Tutelage,U,uncommon,9,0.4444,5,0.6000,4,0.2500,0.3500,1644,0.4897,0.4890,0.5147,760,0.5039,0.4774,0.0266,6,0.3333,,
Thousand-Year Storm,RU,rare,34,0.3235,18,0.2778,16,0.3750,-0.0972,1507,0.4207,0.3196,0.3675,710,0.3479,0.4856,-0.1377,18,0.2778,,
